Title,Rating,Memory,Disply,Camera,Processor,Warranty,Selling_price,actual_price,discount,emi,exchange_price
Apple iPhone 7 (Black| 32 GB),4.5,32 GB ROM ,11.94 cm (4.7 inch) Retina HD Display,12MP Rear Camera | 7MP Front Camera,Apple A10 Fusion 64-bit processor and Embedded M10 Motion Co-processor,Brand Warranty of 1 Year,₹27999,₹29900,6% off,No Cost EMI,0
Apple iPhone 7 Plus (Black| 32 GB),4.5,32 GB ROM ,13.97 cm (5.5 inch) Retina HD Display,12MP + 12MP | 7MP Front Camera,Apple A10 Fusion 64-bit processor and Embedded M10 Motion Co-processor,Brand Warranty of 1 Year,₹34999,₹37900,7% off,No Cost EMI,0
Apple iPhone 11 (White| 64 GB),4.7,64 GB ROM ,15.49 cm (6.1 inch) Liquid Retina HD Display,12MP + 12MP | 12MP Front Camera,A13 Bionic Chip Processor,Brand Warranty for 1 Year,₹64900,₹64900,0,No Cost EMI,₹14000
Apple iPhone 11 (White| 128 GB),4.7,128 GB ROM ,15.49 cm (6.1 inch) Liquid Retina HD Display,12MP + 12MP | 12MP Front Camera,A13 Bionic Chip Processor,Brand Warranty for 1 Year,₹69900,₹69900,0,No Cost EMI,₹14000
Apple iPhone 11 (Black| 64 GB),4.7,64 GB ROM ,15.49 cm (6.1 inch) Liquid Retina HD Display,12MP + 12MP | 12MP Front Camera,A13 Bionic Chip Processor,Brand Warranty for 1 Year,₹64900,₹64900,0,No Cost EMI,₹14000
Apple iPhone 7 Plus (Rose Gold| 32 GB),4.5,32 GB ROM ,13.97 cm (5.5 inch) Retina HD Display,12MP + 12MP | 7MP Front Camera,Apple A10 Fusion 64-bit processor and Embedded M10 Motion Co-processor,Brand Warranty of 1 Year,₹34999,₹37900,7% off,No Cost EMI,0
Apple iPhone 11 (Green| 64 GB),4.7,64 GB ROM ,15.49 cm (6.1 inch) Liquid Retina HD Display,12MP + 12MP | 12MP Front Camera,A13 Bionic Chip Processor,Brand Warranty for 1 Year,₹64900,₹64900,0,No Cost EMI,₹14000
Apple iPhone XR (Blue| 64 GB),4.6,64 GB ROM ,15.49 cm (6.1 inch) Display,12MP Rear Camera | 7MP Front Camera,A12 Bionic Chip Processor,Brand Warranty of 1 Year,₹49900,₹49900,0,No Cost EMI,₹14000
Apple iPhone 11 (Purple| 128 GB),4.7,128 GB ROM ,15.49 cm (6.1 inch) Liquid Retina HD Display,12MP + 12MP | 12MP Front Camera,A13 Bionic Chip Processor,Brand Warranty for 1 Year,₹69900,₹69900,0,No Cost EMI,₹14000
Apple iPhone XS (Space Grey| 64 GB),4.7,64 GB ROM ,14.73 cm (5.8 inch) Super Retina HD Display,12MP + 12MP | 7MP Front Camera,A12 Bionic Chip Processor,1 Year Limited Warranty for Products and Accessories,₹59999,₹89900,33% off,No Cost EMI,0
Apple iPhone 11 (Black| 128 GB),4.7,128 GB ROM ,15.49 cm (6.1 inch) Liquid Retina HD Display,12MP + 12MP | 12MP Front Camera,A13 Bionic Chip Processor,Brand Warranty for 1 Year,₹69900,₹69900,0,No Cost EMI,₹14000
Apple iPhone 11 (Purple| 64 GB),4.7,64 GB ROM ,15.49 cm (6.1 inch) Liquid Retina HD Display,12MP + 12MP | 12MP Front Camera,A13 Bionic Chip Processor,Brand Warranty for 1 Year,₹64900,₹64900,0,No Cost EMI,₹14000
Apple iPhone 8 (Space Grey| 64 GB),4.5,64 GB ROM ,11.94 cm (4.7 inch) Retina HD Display,12MP Rear Camera | 7MP Front Camera,A11 Bionic Chip with 64-bit Architecture| Neural Engine| Embedded M11 Motion Coprocessor Processor,Brand Warranty of 1 Year,₹36999,₹39900,7% off,No Cost EMI,₹14000
Apple iPhone 7 Plus (Gold| 32 GB),4.5,32 GB ROM ,13.97 cm (5.5 inch) Retina HD Display,12MP + 12MP | 7MP Front Camera,Apple A10 Fusion 64-bit processor and Embedded M10 Motion Co-processor,Brand Warranty of 1 Year,₹34999,₹37900,7% off,No Cost EMI,0
Apple iPhone XS (Gold| 64 GB),4.7,64 GB ROM ,14.73 cm (5.8 inch) Super Retina HD Display,12MP + 12MP | 7MP Front Camera,A12 Bionic Chip Processor,1 Year Limited Warranty for Products and Accessories,₹59999,₹89900,33% off,No Cost EMI,0
Apple iPhone XR (Black| 128 GB),4.6,128 GB ROM ,15.49 cm (6.1 inch) Display,12MP Rear Camera | 7MP Front Camera,A12 Bionic Chip Processor,Brand Warranty of 1 Year,₹54900,₹54900,0,No Cost EMI,₹14000
Apple iPhone 11 (Green| 128 GB),4.7,128 GB ROM ,15.49 cm (6.1 inch) Liquid Retina HD Display,12MP + 12MP | 12MP Front Camera,A13 Bionic Chip Processor,Brand Warranty for 1 Year,₹69900,₹69900,0,No Cost EMI,₹14000
Apple iPhone 8 (Silver| 64 GB),4.5,64 GB ROM ,11.94 cm (4.7 inch) Retina HD Display,12MP Rear Camera | 7MP Front Camera,A11 Bionic Chip with 64-bit Architecture| Neural Engine| Embedded M11 Motion Coprocessor Processor,Brand Warranty of 1 Year,₹36999,₹39900,7% off,No Cost EMI,0
Apple iPhone XR (White| 128 GB),4.6,128 GB ROM ,15.49 cm (6.1 inch) Display,12MP Rear Camera | 7MP Front Camera,A12 Bionic Chip Processor,Brand Warranty of 1 Year,₹54900,₹54900,0,No Cost EMI,₹14000
Apple iPhone 11 (Red| 128 GB),4.7,128 GB ROM ,15.49 cm (6.1 inch) Liquid Retina HD Display,12MP + 12MP | 12MP Front Camera,A13 Bionic Chip Processor,Brand Warranty for 1 Year,₹69900,₹69900,0,No Cost EMI,₹14000
Apple iPhone XR (White| 64 GB),4.6,64 GB ROM ,15.49 cm (6.1 inch) Display,12MP Rear Camera | 7MP Front Camera,A12 Bionic Chip Processor,Brand Warranty of 1 Year,₹49900,₹49900,0,No Cost EMI,₹14000
Apple iPhone 7 (Rose Gold| 32 GB),4.5,32 GB ROM ,11.94 cm (4.7 inch) Retina HD Display,12MP Rear Camera | 7MP Front Camera,Apple A10 Fusion 64-bit processor and Embedded M10 Motion Co-processor,Brand Warranty of 1 Year,₹27999,₹29900,6% off,No Cost EMI,0
Apple iPhone 11 (Red| 64 GB),4.7,64 GB ROM ,15.49 cm (6.1 inch) Liquid Retina HD Display,12MP + 12MP | 12MP Front Camera,A13 Bionic Chip Processor,Brand Warranty for 1 Year,₹64900,₹64900,0,No Cost EMI,₹14000
Apple iPhone XS (Silver| 64 GB),4.7,64 GB ROM ,14.73 cm (5.8 inch) Super Retina HD Display,12MP + 12MP | 7MP Front Camera,A12 Bionic Chip Processor,1 Year Limited Warranty for Products and Accessories,₹59999,₹89900,33% off,No Cost EMI,₹14000
Apple iPhone 11 (Yellow| 64 GB),4.7,64 GB ROM ,15.49 cm (6.1 inch) Liquid Retina HD Display,12MP + 12MP | 12MP Front Camera,A13 Bionic Chip Processor,Brand Warranty for 1 Year,₹64900,₹64900,0,No Cost EMI,₹14000
Apple iPhone 11 Pro (Gold| 64 GB),4.7,64 GB ROM ,14.73 cm (5.8 inch) Super Retina XDR Display,12MP + 12MP + 12MP | 12MP Front Camera,A13 Bionic Chip Processor,Brand Warranty for 1 Year,₹99900,₹99900,0,No Cost EMI,₹14000
Apple iPhone 11 Pro (Silver| 64 GB),4.7,64 GB ROM ,14.73 cm (5.8 inch) Super Retina XDR Display,12MP + 12MP + 12MP | 12MP Front Camera,A13 Bionic Chip Processor,Brand Warranty for 1 Year,₹99900,₹99900,0,No Cost EMI,₹14000
Apple iPhone 8 Plus (Space Grey| 256 GB),4.6,256 GB ROM ,13.97 cm (5.5 inch) Retina HD Display,12MP + 12MP | 7MP Front Camera,A11 Bionic Chip with 64-bit Architecture| Neural Engine| Embedded M11 Motion Coprocessor Processor,Brand Warranty of 1 Year,₹84900,₹84900,0,No Cost EMI,₹14000
Apple iPhone 11 Pro Max (Midnight Green| 64 GB),4.7,64 GB ROM ,16.51 cm (6.5 inch) Super Retina XDR Display,12MP + 12MP + 12MP | 12MP Front Camera,A13 Bionic Chip Processor,Brand Warranty for 1 Year,₹109900,₹109900,0,No Cost EMI,₹14000
Apple iPhone XS (Space Grey| 512 GB),4.7,512 GB ROM ,14.73 cm (5.8 inch) Super Retina HD Display,12MP + 12MP | 7MP Front Camera,A12 Bionic Chip Processor,1 Year Limited Warranty for Products and Accessories,₹134900,₹134900,0,No Cost EMI,₹14000
Apple iPhone 11 Pro Max (Space Grey| 64 GB),4.7,64 GB ROM ,16.51 cm (6.5 inch) Super Retina XDR Display,12MP + 12MP + 12MP | 12MP Front Camera,A13 Bionic Chip Processor,Brand Warranty for 1 Year,₹109900,₹109900,0,No Cost EMI,₹14000
Apple iPhone 11 Pro (Space Grey| 64 GB),4.7,64 GB ROM ,14.73 cm (5.8 inch) Super Retina XDR Display,12MP + 12MP + 12MP | 12MP Front Camera,A13 Bionic Chip Processor,Brand Warranty for 1 Year,₹99900,₹99900,0,No Cost EMI,₹14000
Apple iPhone 7 (PRODUCT) (Red| 256 GB),4.7,256 GB ROM ,11.94 cm (4.7 inch) Retina HD Display,12MP Rear Camera | 7MP Front Camera,A10 Fusion Chip with 64-bit Architecture and Embedded M10 Motion Co-processor,Brand Warranty of 1 Year,₹63999,₹74400,13% off,No Cost EMI,₹14000
Apple iPhone 6s (Gold| 32 GB),4.5,32 GB ROM ,11.94 cm (4.7 inch) Retina HD Display,12MP Rear Camera | 5MP Front Camera,Apple A9 64-bit processor and Embedded M9 Motion Co-processor,Brand Warranty of 1 Year,₹28999,₹35423,18% off,0,0
Apple iPhone XR ((PRODUCT)RED| 128 GB),4.6,128 GB ROM ,15.49 cm (6.1 inch) Display,12MP Rear Camera | 7MP Front Camera,A12 Bionic Chip Processor,Brand Warranty of 1 Year,₹59900,₹81900,26% off,0,0
Apple iPhone XR (Yellow| 64 GB),4.6,64 GB ROM ,15.49 cm (6.1 inch) Display,12MP Rear Camera | 7MP Front Camera,A12 Bionic Chip Processor,Brand Warranty of 1 Year,₹62999,₹62999,0,0,0
Apple iPhone 8 Plus (PRODUCT)RED (Red| 256 GB),4.6,256 GB ROM ,13.97 cm (5.5 inch) Retina HD Display,12MP + 12MP | 7MP Front Camera,A11 Bionic Chip with 64-bit Architecture| Neural Engine| Embedded M11 Motion Coprocessor Processor,Brand Warranty of 1 Year,₹54990,₹92990,40% off,0,0
Apple iPhone 6s (Rose Gold| 32 GB),4.5,32 GB ROM ,11.94 cm (4.7 inch) Retina HD Display,12MP Rear Camera | 5MP Front Camera,Apple A9 64-bit processor and M9 Motion Co-processor,Brand Warranty of 1 Year,₹25444,₹29499,13% off,0,0
Apple iPhone 11 Pro (Space Grey| 256 GB),4.7,256 GB ROM ,14.73 cm (5.8 inch) Super Retina XDR Display,12MP + 12MP + 12MP | 12MP Front Camera,A13 Bionic Chip Processor,Brand Warranty for 1 Year,₹113900,₹113900,0,No Cost EMI,₹14000
Apple iPhone 8 Plus (PRODUCT)RED (Red| 64 GB),4.6,64 GB ROM ,13.97 cm (5.5 inch) Retina HD Display,12MP + 12MP | 7MP Front Camera,A11 Bionic Chip with 64-bit Architecture| Neural Engine| Embedded M11 Motion Coprocessor Processor,Brand Warranty of 1 Year,₹49900,₹50490,1% off,0,0
Apple iPhone 11 Pro Max (Space Grey| 512 GB),4.7,512 GB ROM ,16.51 cm (6.5 inch) Super Retina XDR Display,12MP + 12MP + 12MP | 12MP Front Camera,A13 Bionic Chip Processor,Brand Warranty for 1 Year,₹141900,₹141900,0,No Cost EMI,₹14000
Apple iPhone 8 Plus (Space Grey| 64 GB),4.6,64 GB ROM ,13.97 cm (5.5 inch) Retina HD Display,12MP + 12MP | 7MP Front Camera,A11 Bionic Chip with 64-bit Architecture| Neural Engine| Embedded M11 Motion Coprocessor Processor,Brand Warranty of 1 Year,₹49900,₹50490,1% off,0,0
Apple iPhone 8 (Space Grey| 256 GB),4.5,256 GB ROM ,11.94 cm (4.7 inch) Retina HD Display,12MP Rear Camera | 7MP Front Camera,A11 Bionic Chip with 64-bit Architecture| Neural Engine| Embedded M11 Motion Coprocessor Processor,Brand Warranty of 1 Year,₹73490,₹73490,0,0,0
Apple iPhone XR (Black| 256 GB),4.6,256 GB ROM ,15.49 cm (6.1 inch) Display,12MP Rear Camera | 7MP Front Camera,A12 Bionic Chip Processor,Brand Warranty of 1 Year,₹81000,₹81000,0,0,0
Apple iPhone 11 Pro (Gold| 256 GB),4.7,256 GB ROM ,14.73 cm (5.8 inch) Super Retina XDR Display,12MP + 12MP + 12MP | 12MP Front Camera,A13 Bionic Chip Processor,Brand Warranty for 1 Year,₹113900,₹113900,0,No Cost EMI,₹14000
Apple iPhone 8 (Silver| 256 GB),4.5,256 GB ROM ,11.94 cm (4.7 inch) Retina HD Display,12MP Rear Camera | 7MP Front Camera,A11 Bionic Chip with 64-bit Architecture| Neural Engine| Embedded M11 Motion Coprocessor Processor,Brand Warranty of 1 Year,₹54900,₹54900,0,0,0
Apple iPhone 11 Pro Max (Silver| 512 GB),4.7,512 GB ROM ,16.51 cm (6.5 inch) Super Retina XDR Display,12MP + 12MP + 12MP | 12MP Front Camera,A13 Bionic Chip Processor,Brand Warranty for 1 Year,₹141900,₹141900,0,No Cost EMI,₹14000
Apple iPhone 8 (Gold| 256 GB),4.5,256 GB ROM ,11.94 cm (4.7 inch) Retina HD Display,12MP Rear Camera | 7MP Front Camera,A11 Bionic Chip with 64-bit Architecture| Neural Engine| Embedded M11 Motion Coprocessor Processor,Brand Warranty of 1 Year,₹53999,₹53999,0,0,0
Apple iPhone 7 Plus (Gold| 256 GB),4.5,256 GB ROM ,13.97 cm (5.5 inch) Retina HD Display,12MP + 12MP | 7MP Front Camera,A10 Fusion Chip with 64-bit Architecture and Embedded M10 Motion Co-processor,Brand Warranty of 1 Year,₹49900,₹54990,9% off,0,0
Apple iPhone 7 (Silver| 32 GB),4.5,32 GB ROM ,11.94 cm (4.7 inch) Retina HD Display,12MP Rear Camera | 7MP Front Camera,Apple A10 Fusion 64-bit processor and Embedded M10 Motion Co-processor,Brand Warranty of 1 Year,₹27999,₹29900,6% off,No Cost EMI,₹14000
Apple iPhone 7 (Red| 128 GB),4.5,128 GB ROM ,11.94 cm (4.7 inch) Retina HD Display,12MP Rear Camera | 7MP Front Camera,Apple A10 Fusion 64-bit processor and Embedded M10 Motion Co-processor,Brand Warranty of 1 Year,₹34900,₹34900,0,No Cost EMI,₹14000
Apple iPhone 7 (Jet Black| 32 GB),4.5,32 GB ROM ,11.94 cm (4.7 inch) Retina HD Display,12MP Rear Camera | 7MP Front Camera,Apple A10 Fusion 64-bit processor and Embedded M10 Motion Co-processor,Brand Warranty of 1 Year,₹27999,₹29900,6% off,No Cost EMI,₹14000
Apple iPhone 6s Plus (Space Grey| 32 GB),4.4,32 GB ROM ,13.97 cm (5.5 inch) Retina HD Display,12MP Rear Camera | 5MP Front Camera,Apple A9 64-bit processor and Embedded M9 Motion Co-processor,Brand Warranty of 1 Year,₹33999,₹34900,2% off,No Cost EMI,₹14000
Apple iPhone X (Silver| 64 GB),4.6,64 GB ROM ,14.73 cm (5.8 inch) Super Retina HD Display,12MP + 12MP | 7MP Front Camera,A11 Bionic Chip with 64-bit Architecture| Neural Engine| Embedded M11 Motion Coprocessor Processor,Brand Warranty of 1 Year,₹69999,₹91900,23% off,No Cost EMI,₹14000
Apple iPhone 11 (Black| 256 GB),4.7,256 GB ROM ,15.49 cm (6.1 inch) Liquid Retina HD Display,12MP + 12MP | 12MP Front Camera,A13 Bionic Chip Processor,Brand Warranty for 1 Year,₹79900,₹79900,0,No Cost EMI,₹14000
Apple iPhone 8 (PRODUCT)RED (Red| 64 GB),4.7,64 GB ROM ,11.94 cm (4.7 inch) Retina HD Display,12MP Rear Camera | 7MP Front Camera,A11 Bionic Chip with 64-bit Architecture| Neural Engine| Embedded M11 Motion Coprocessor Processor,Brand Warranty of 1 Year,₹36999,₹39900,7% off,No Cost EMI,₹14000
Apple iPhone 7 (Jet Black| 256 GB),4.5,256 GB ROM ,11.94 cm (4.7 inch) Retina HD Display,12MP Rear Camera | 7MP Front Camera,Apple A10 Fusion 64-bit processor and Embedded M10 Motion Co-processor,Brand Warranty of 1 Year,₹63999,₹74400,13% off,No Cost EMI,₹14000
Apple iPhone 11 (Green| 256 GB),4.7,256 GB ROM ,15.49 cm (6.1 inch) Liquid Retina HD Display,12MP + 12MP | 12MP Front Camera,A13 Bionic Chip Processor,Brand Warranty for 1 Year,₹79900,₹79900,0,No Cost EMI,₹14000
Apple iPhone 11 (Yellow| 256 GB),4.7,256 GB ROM ,15.49 cm (6.1 inch) Liquid Retina HD Display,12MP + 12MP | 12MP Front Camera,A13 Bionic Chip Processor,Brand Warranty for 1 Year,₹79900,₹79900,0,No Cost EMI,₹14000
Apple iPhone 11 (Purple| 256 GB),4.7,256 GB ROM ,15.49 cm (6.1 inch) Liquid Retina HD Display,12MP + 12MP | 12MP Front Camera,A13 Bionic Chip Processor,Brand Warranty for 1 Year,₹79900,₹79900,0,No Cost EMI,₹14000
Apple iPhone XS Max (Space Grey| 64 GB),4.6,64 GB ROM ,16.51 cm (6.5 inch) Super Retina HD Display,12MP + 12MP | 7MP Front Camera,A12 Bionic Chip Processor,1 Year Limited Warranty for Products and Accessories,₹69999,₹109900,36% off,No Cost EMI,₹14000
Apple iPhone 7 (Silver| 128 GB),4.5,128 GB ROM ,11.94 cm (4.7 inch) Retina HD Display,12MP Rear Camera | 7MP Front Camera,Apple A10 Fusion 64-bit processor and Embedded M10 Motion Co-processor,Brand Warranty of 1 Year,₹34900,₹34900,0,No Cost EMI,₹14000
Apple iPhone 7 Plus (Jet Black| 128 GB),4.5,128 GB ROM ,13.97 cm (5.5 inch) Retina HD Display,12MP + 12MP | 7MP Front Camera,Apple A10 Fusion 64-bit processor and Embedded M10 Motion Co-processor,Brand Warranty of 1 Year,₹42900,₹42900,0,No Cost EMI,₹14000
Apple iPhone 8 (PRODUCT)RED (Red| 256 GB),4.7,256 GB ROM ,11.94 cm (4.7 inch) Retina HD Display,12MP Rear Camera | 7MP Front Camera,A11 Bionic Chip with 64-bit Architecture| Neural Engine| Embedded M11 Motion Coprocessor Processor,Brand Warranty of 1 Year,₹54999,₹81500,32% off,No Cost EMI,₹14000
Apple iPhone 6s Plus (Silver| 32 GB),4.4,32 GB ROM ,13.97 cm (5.5 inch) Retina HD Display,12MP Rear Camera | 5MP Front Camera,Apple A9 64-bit processor and Embedded M9 Motion Co-processor,Brand Warranty of 1 Year,₹33999,₹34900,2% off,No Cost EMI,₹14000
Apple iPhone 7 Plus (Black| 256 GB),4.5,256 GB ROM ,13.97 cm (5.5 inch) Retina HD Display,12MP + 12MP | 7MP Front Camera,A10 Fusion Chip with 64-bit Architecture and Embedded M10 Motion Co-processor,Brand Warranty of 1 Year,₹73999,₹85400,13% off,No Cost EMI,₹14000
Apple iPhone 7 (Black| 256 GB),4.5,256 GB ROM ,11.94 cm (4.7 inch) Retina HD Display,12MP Rear Camera | 7MP Front Camera,A10 Fusion Chip with 64-bit Architecture and Embedded M10 Motion Co-processor,Brand Warranty of 1 Year,₹63999,₹74400,13% off,No Cost EMI,₹14000
Apple iPhone 7 Plus (Rose Gold| 256 GB),4.5,256 GB ROM ,13.97 cm (5.5 inch) Retina HD Display,12MP + 12MP | 7MP Front Camera,Apple A10 Fusion 64-bit processor and Embedded M10 Motion Co-processor,Brand Warranty of 1 Year,₹52999,₹77000,31% off,0,0
Apple iPhone XS (Gold| 256 GB),4.7,256 GB ROM ,14.73 cm (5.8 inch) Super Retina HD Display,12MP + 12MP | 7MP Front Camera,A12 Bionic Chip Processor,1 Year Limited Warranty for Products and Accessories,₹72999,₹103900,29% off,No Cost EMI,₹14000
Apple iPhone XR ((PRODUCT)RED| 256 GB),4.6,256 GB ROM ,15.49 cm (6.1 inch) Display,12MP Rear Camera | 7MP Front Camera,A12 Bionic Chip Processor,Brand Warranty of 1 Year,₹91900,₹91900,0,No Cost EMI,₹14000
Apple iPhone XR (Coral| 256 GB),4.6,256 GB ROM ,15.49 cm (6.1 inch) Display,12MP Rear Camera | 7MP Front Camera,A12 Bionic Chip Processor,Brand Warranty of 1 Year,₹91900,₹91900,0,No Cost EMI,₹14000
Apple iPhone 6s (Space Grey| 16 GB),4.5,16 GB ROM ,11.94 cm (4.7 inch) Retina HD Display,12MP Rear Camera | 5MP Front Camera,A9 Chip with 64-bit Architecture and M9 Motion Co-processor,Brand Warranty of 1 Year,₹31999,₹31999,0,No Cost EMI,0
Apple iPhone 6s (Gold| 128 GB),4.5,128 GB ROM ,11.94 cm (4.7 inch) Retina HD Display,12MP Rear Camera | 5MP Front Camera,A9 Chip with 64-bit Architecture and M9 Motion Co-processor,Brand Warranty of 1 Year,₹55999,₹55999,0,No Cost EMI,₹14000
Apple iPhone 11 Pro Max (Silver| 64 GB),4.7,64 GB ROM ,16.51 cm (6.5 inch) Super Retina XDR Display,12MP + 12MP + 12MP | 12MP Front Camera,A13 Bionic Chip Processor,Brand Warranty for 1 Year,₹109900,₹109900,0,No Cost EMI,₹14000
Apple iPhone 6s Plus (Gold| 128 GB),4.4,128 GB ROM ,13.97 cm (5.5 inch) Retina HD Display,12MP Rear Camera | 5MP Front Camera,A9 Chip with 64-bit Architecture and M9 Motion Co-processor,Brand Warranty of 1 Year,₹49990,₹49990,0,0,0
Apple iPhone 5C (Yellow| 8 GB),3.9,8 GB ROM ,10.16 cm (4 inch) Retina Display,8MP Rear Camera | 1.2MP Front Camera,A6 Chip Processor,1 Year Manufacturer Warranty,₹37500,₹37500,0,No Cost EMI,0
Apple iPhone 7 Plus (Jet Black| 256 GB),4.5,256 GB ROM ,13.97 cm (5.5 inch) Retina HD Display,12MP + 12MP | 7MP Front Camera,Apple A10 Fusion 64-bit processor and Embedded M10 Motion Co-processor,Brand Warranty of 1 Year,₹73999,₹85400,13% off,No Cost EMI,₹14000
Apple iPhone SE (Rose Gold| 16 GB),4.5,16 GB ROM ,10.16 cm (4 inch) Retina Display,12MP Rear Camera | 1.2MP Front Camera,Apple A9 64-bit processor and Embedded M9 Motion Co-processor,Brand Warranty of 1 Year,₹16999,₹26999,37% off,No Cost EMI,₹14000
Apple iPhone SE (Gold| 32 GB),4.5,32 GB ROM ,10.16 cm (4 inch) Retina Display,12MP Rear Camera | 1.2MP Front Camera,Apple A9 64-bit processor and Embedded M9 Motion Co-processor,Brand Warranty of 1 Year,₹16999,₹26000,34% off,No Cost EMI,₹14000
Apple iPhone XR (Yellow| 256 GB),4.6,256 GB ROM ,15.49 cm (6.1 inch) Display,12MP Rear Camera | 7MP Front Camera,A12 Bionic Chip Processor,Brand Warranty of 1 Year,₹91900,₹91900,0,No Cost EMI,₹14000
Apple iPhone 7 Plus (Rose Gold| 128 GB),4.5,128 GB ROM ,13.97 cm (5.5 inch) Retina HD Display,12MP + 12MP | 7MP Front Camera,Apple A10 Fusion 64-bit processor and Embedded M10 Motion Co-processor,Brand Warranty of 1 Year,₹42900,₹42900,0,No Cost EMI,₹14000
Apple iPhone SE (Rose Gold| 32 GB),4.5,32 GB ROM ,10.16 cm (4 inch) Retina Display,12MP Rear Camera | 1.2MP Front Camera,Apple A9 64-bit processor and Embedded M9 Motion Co-processor,Brand Warranty of 1 Year,₹16999,₹26000,34% off,No Cost EMI,₹14000
Apple iPhone XS Max (Silver| 64 GB),4.6,64 GB ROM ,16.51 cm (6.5 inch) Super Retina HD Display,12MP + 12MP | 7MP Front Camera,A12 Bionic Chip Processor,1 Year Limited Warranty for Products and Accessories,₹69999,₹109900,36% off,No Cost EMI,₹14000
Apple iPhone 6s (Silver| 64 GB),4.5,64 GB ROM ,11.94 cm (4.7 inch) Retina HD Display,12MP Rear Camera | 5MP Front Camera,A9 Chip with 64-bit Architecture and M9 Motion Co-processor,Brand Warranty of 1 Year,₹49999,₹49999,0,No Cost EMI,₹14000
Apple iPhone 6s Plus (Rose Gold| 128 GB),4.4,128 GB ROM ,13.97 cm (5.5 inch) Retina HD Display,12MP Rear Camera | 5MP Front Camera,A9 Chip with 64-bit Architecture and M9 Motion Co-processor,Brand Warranty of 1 Year,₹49990,₹49990,0,0,0
Apple iPhone SE (Silver| 32 GB),4.5,32 GB ROM ,10.16 cm (4 inch) Retina Display,12MP Rear Camera | 1.2MP Front Camera,Apple A9 64-bit processor and Embedded M9 Motion Co-processor,Brand Warranty of 1 Year,₹16999,₹26000,34% off,No Cost EMI,₹14000
Apple iPhone SE (Space Grey| 16 GB),4.5,16 GB ROM ,10.16 cm (4 inch) Retina Display,12MP Rear Camera | 1.2MP Front Camera,Apple A9 64-bit processor and Embedded M9 Motion Co-processor,Brand Warranty of 1 Year,₹16999,₹26999,37% off,No Cost EMI,₹14000
Apple iPhone 6s (Silver| 128 GB),4.5,128 GB ROM ,11.94 cm (4.7 inch) Retina HD Display,12MP Rear Camera | 5MP Front Camera,A9 Chip with 64-bit Architecture and M9 Motion Co-processor,Brand Warranty of 1 Year,₹55999,₹55999,0,No Cost EMI,₹14000
Apple iPhone 7 (Jet Black| 128 GB),4.5,128 GB ROM ,11.94 cm (4.7 inch) Retina HD Display,12MP Rear Camera | 7MP Front Camera,Apple A10 Fusion 64-bit processor and Embedded M10 Motion Co-processor,Brand Warranty of 1 Year,₹34900,₹34900,0,No Cost EMI,₹14000
Apple iPhone SE (Rose Gold| 64 GB),4.5,64 GB ROM ,10.16 cm (4 inch) Retina Display,12MP Rear Camera | 1.2MP Front Camera,Apple A9 64-bit processor and Embedded M9 Motion Co-processor,Brand Warranty of 1 Year,₹43999,₹43999,0,No Cost EMI,0
Apple iPhone 6s Plus (Space Grey| 64 GB),4.4,64 GB ROM ,13.97 cm (5.5 inch) Retina HD Display,12MP Rear Camera | 5MP Front Camera,A9 Chip with 64-bit Architecture and M9 Motion Co-processor,Brand Warranty of 1 Year,₹59999,₹59999,0,No Cost EMI,₹14000
Apple IPhone 4 (White| 8 GB),4,8 GB ROM ,8.89 cm (3.5 inch) NA Display,5MP Rear Camera | 0.3MP Front Camera,1 Year Manufacturer Warranty,1 Year Manufacturer Warranty,₹13999,₹13999,0,No Cost EMI,0
Apple iPhone XS Max (Silver| 512 GB),4.6,512 GB ROM ,16.51 cm (6.5 inch) Super Retina HD Display,12MP + 12MP | 7MP Front Camera,A12 Bionic Chip Processor,1 Year Limited Warranty for Products and Accessories,₹144900,₹144900,0,No Cost EMI,₹14000
Apple iPhone 7 Plus (PRODUCT) (Red| 256 GB),5,256 GB ROM ,13.97 cm (5.5 inch) Retina HD Display,12MP Rear Camera | 7MP Front Camera,A10 Fusion Chip with 64-bit Architecture and Embedded M10 Motion Co-processor,Brand Warranty of 1 Year,₹73999,₹85400,13% off,No Cost EMI,₹14000
Apple iPhone 7 Plus (Silver| 128 GB),4.5,128 GB ROM ,13.97 cm (5.5 inch) Retina HD Display,12MP + 12MP | 7MP Front Camera,Apple A10 Fusion 64-bit processor and Embedded M10 Motion Co-processor,Brand Warranty of 1 Year,₹42900,₹42900,0,No Cost EMI,₹14000
Apple iPhone XS Max (Gold| 512 GB),4.6,512 GB ROM ,16.51 cm (6.5 inch) Super Retina HD Display,12MP + 12MP | 7MP Front Camera,A12 Bionic Chip Processor,1 Year Limited Warranty for Products and Accessories,₹117900,₹144900,18% off,0,0
Apple iPhone 6 Plus (Silver| 128 GB),4.5,128 GB ROM ,13.97 cm (5.5 inch) Retina HD Display,8MP Rear Camera | 1.2MP Front Camera,A8 Chip with 64-bit Architecture and M8 Motion Co-processor,1 Year Manufacturer Warranty,₹48999,₹48999,0,No Cost EMI,0
Apple iPhone 6 Plus (Space Grey| 16 GB),4.5,16 GB ROM ,13.97 cm (5.5 inch) Retina HD Display,8MP Rear Camera | 1.2MP Front Camera,Apple A8 64-bit processor and M8 Motion Co-processor,1 Year Manufacturer Warranty,₹39999,₹39999,0,No Cost EMI,0
Apple iPhone 6 Plus (Space Grey| 64 GB),4.5,64 GB ROM ,13.97 cm (5.5 inch) Retina HD Display,8MP Rear Camera | 1.2MP Front Camera,A8 Chip with 64-bit Architecture and M8 Motion Co-processor,1 Year Manufacturer Warranty,₹48999,₹48999,0,No Cost EMI,0
Apple iPhone 6 Plus (Space Grey| 128 GB),4.5,128 GB ROM ,13.97 cm (5.5 inch) Retina HD Display,8MP Rear Camera | 1.2MP Front Camera,A8 Chip with 64-bit Architecture and M8 Motion Co-processor,1 Year Manufacturer Warranty,₹56999,₹56999,0,0,0
Apple iPhone 5C (Blue| 8 GB),3.9,8 GB ROM ,10.16 cm (4 inch) Retina Display,8MP Rear Camera | 1.2MP Front Camera,A6 Chip Processor,1 Year Manufacturer Warranty,₹14999,₹14999,0,No Cost EMI,0
Apple iPhone 5C (White| 32 GB),3.9,32 GB ROM ,10.16 cm (4 inch) Retina Display,8MP Rear Camera | 1.2MP Front Camera,A6 Chip Processor,1 Year Manufacturer Warranty,₹53500,₹53500,0,No Cost EMI,0
Apple iPhone 5 (White| 16 GB),3.1,16 GB ROM ,10.16 cm (4 inch) Retina Display,8MP Rear Camera | 1.2MP Front Camera,1 Year Manufacturer Warranty,1 Year Manufacturer Warranty,₹43750,₹43750,0,No Cost EMI,0
Apple iPhone 7 Plus (Jet Black| 32 GB),4.5,32 GB ROM ,13.97 cm (5.5 inch) Retina HD Display,12MP + 12MP | 7MP Front Camera,Apple A10 Fusion 64-bit processor and Embedded M10 Motion Co-processor,1 Year Manufacturer Warranty,₹34999,₹37900,7% off,No Cost EMI,₹14000
Apple iPhone 11 Pro (Silver| 256 GB),4.7,256 GB ROM ,14.73 cm (5.8 inch) Super Retina XDR Display,12MP + 12MP + 12MP | 12MP Front Camera,A13 Bionic Chip Processor,Brand Warranty for 1 Year,₹113900,₹113900,0,No Cost EMI,₹14000
Apple iPhone 6 Plus (Silver| 64 GB),4.5,64 GB ROM ,13.97 cm (5.5 inch) Retina HD Display,8MP Rear Camera | 1.2MP Front Camera,A8 Chip with 64-bit Architecture and M8 Motion Co-processor,1 Year Manufacturer Warranty,₹48999,₹48999,0,No Cost EMI,0
Apple iPhone 6 Plus (Gold| 64 GB),4.5,64 GB ROM ,13.97 cm (5.5 inch) Retina HD Display,8MP Rear Camera | 1.2MP Front Camera,A8 Chip with 64-bit Architecture and M8 Motion Co-processor,1 Year Manufacturer Warranty,₹71500,₹71500,0,No Cost EMI,0
Apple iPhone 6s (Rose Gold| 128 GB),4.5,128 GB ROM ,11.94 cm (4.7 inch) Retina HD Display,12MP Rear Camera | 5MP Front Camera,A9 Chip with 64-bit Architecture and M9 Motion Co-processor,Brand Warranty of 1 Year,₹28990,₹69999,58% off,0,0
Apple iPhone 6s (Space Grey| 128 GB),4.5,128 GB ROM ,11.94 cm (4.7 inch) Retina HD Display,12MP Rear Camera | 5MP Front Camera,A9 Chip with 64-bit Architecture and M9 Motion Co-processor,Brand Warranty of 1 Year,₹28990,₹69999,58% off,0,0
Apple iPhone 11 Pro (Midnight Green| 256 GB),4.7,256 GB ROM ,14.73 cm (5.8 inch) Super Retina XDR Display,12MP + 12MP + 12MP | 12MP Front Camera,A13 Bionic Chip Processor,Brand Warranty for 1 Year,₹113900,₹113900,0,No Cost EMI,₹14000
Apple iPhone 11 Pro Max (Space Grey| 256 GB),4.7,256 GB ROM ,16.51 cm (6.5 inch) Super Retina XDR Display,12MP + 12MP + 12MP | 12MP Front Camera,A13 Bionic Chip Processor,Brand Warranty for 1 Year,₹123900,₹123900,0,No Cost EMI,₹14000
Apple iPhone 6 (Space Grey| 64 GB),4.4,64 GB ROM ,11.94 cm (4.7 inch) Retina HD Display,8MP Rear Camera | 1.2MP Front Camera,A8 Chip with 64-bit Architecture and M8 Motion Co-processor,1 Year Manufacturer Warranty,₹24490,₹29990,18% off,0,0
Apple iPhone 6s (Space Grey| 64 GB),4.5,64 GB ROM ,11.94 cm (4.7 inch) Retina HD Display,12MP Rear Camera | 5MP Front Camera,A9 Chip with 64-bit Architecture and M9 Motion Co-processor,Brand Warranty of 1 Year,₹29990,₹34990,14% off,0,0
Apple iPhone 6 (Silver| 64 GB),4.4,64 GB ROM ,11.94 cm (4.7 inch) Retina HD Display,8MP Rear Camera | 1.2MP Front Camera,A8 Chip with 64-bit Architecture and M8 Motion Co-processor,1 Year Manufacturer Warranty,₹24490,₹29990,18% off,0,0
Apple iPhone 6 (Gold| 32 GB),4.4,32 GB ROM ,11.94 cm (4.7 inch) Retina HD Display,8MP Rear Camera | 1.2MP Front Camera,A8 Chip with 64-bit Architecture and M8 Motion Co-processor,Brand Warranty of 1 Year,₹30780,₹30780,0,No Cost EMI,₹14000
Apple iPhone XS Max (Gold| 256 GB),4.6,256 GB ROM ,16.51 cm (6.5 inch) Super Retina HD Display,12MP + 12MP | 7MP Front Camera,A12 Bionic Chip Processor,1 Year Limited Warranty for Products and Accessories,₹74999,₹124900,39% off,No Cost EMI,₹14000
Apple iPhone 7 (Rose Gold| 256 GB),4.5,256 GB ROM ,11.94 cm (4.7 inch) Retina HD Display,12MP Rear Camera | 7MP Front Camera,A10 Fusion Chip with 64-bit Architecture and Embedded M10 Motion Co-processor,Brand Warranty of 1 Year,₹44990,₹44990,0,0,0
Apple iPhone 8 Plus (Gold| 256 GB),4.6,256 GB ROM ,13.97 cm (5.5 inch) Retina HD Display,12MP + 12MP | 7MP Front Camera,A11 Bionic Chip with 64-bit Architecture| Neural Engine| Embedded M11 Motion Coprocessor Processor,Brand Warranty of 1 Year,₹58990,₹58990,0,0,0
Apple iPhone 11 Pro Max (Gold| 256 GB),4.7,256 GB ROM ,16.51 cm (6.5 inch) Super Retina XDR Display,12MP + 12MP + 12MP | 12MP Front Camera,A13 Bionic Chip Processor,Brand Warranty for 1 Year,₹123900,₹123900,0,No Cost EMI,₹14000
Apple iPhone 7 Plus (Red| 128 GB),4.5,128 GB ROM ,13.97 cm (5.5 inch) Retina HD Display,12MP Rear Camera | 7MP Front Camera,Apple A10 Fusion 64-bit processor and Embedded M10 Motion Co-processor,Brand Warranty of 1 Year,₹42900,₹42900,0,No Cost EMI,₹14000
Apple iPhone 6s Plus (Silver| 16 GB),4.4,16 GB ROM ,13.97 cm (5.5 inch) Retina HD Display,12MP Rear Camera | 5MP Front Camera,Apple A9 64-bit processor and Embedded M9 Motion Co-processor,Brand Warranty of 1 Year,₹49999,₹49999,0,No Cost EMI,₹14000
Apple iPhone 7 Plus (Silver| 256 GB),4.5,256 GB ROM ,13.97 cm (5.5 inch) Retina HD Display,12MP + 12MP | 7MP Front Camera,Apple A10 Fusion 64-bit processor and Embedded M10 Motion Co-processor,Brand Warranty of 1 Year,₹52999,₹92000,42% off,0,0
Apple iPhone 6 (Grey| 128 GB),4.4,128 GB ROM ,11.94 cm (4.7 inch) Retina HD Display,8MP Rear Camera | 1.2MP Front Camera,Apple A8 64-bit processor and M8 Motion Co-processor,1 Year Manufacturer Warranty,₹52000,₹52000,0,0,0
Apple iPhone 6s (Rose Gold| 64 GB),4.5,64 GB ROM ,11.94 cm (4.7 inch) Retina HD Display,12MP Rear Camera | 5MP Front Camera,A9 Chip with 64-bit Architecture and M9 Motion Co-processor,Brand Warranty of 1 Year,₹32999,₹64999,49% off,0,0
Apple iPhone 6s (Gold| 64 GB),4.5,64 GB ROM ,11.94 cm (4.7 inch) Retina HD Display,12MP Rear Camera | 5MP Front Camera,A9 Chip with 64-bit Architecture and M9 Motion Co-processor,Brand Warranty of 1 Year,₹27990,₹64999,56% off,0,0
Apple iPhone 6 (Silver| 128 GB),4.4,128 GB ROM ,11.94 cm (4.7 inch) Retina HD Display,8MP Rear Camera | 1.2MP Front Camera,A8 Chip with 64-bit Architecture and M8 Motion Co-processor,1 Year Manufacturer Warranty,₹49000,₹49000,0,0,0
